TransactionID,CustomerID,TransactionDate,Amount,Currency,TransactionType,Status
TXN000001,CUST9680,2024-06-15,4962.62,EUR,Transfer,Success
TXN000002,CUST7058,2024-11-26,3467.12,INR,Deposit,Failed
TXN000003,CUST2104,2024-02-13,1545.03,EUR,Deposit,Failed
TXN000004,CUST2447,2024-11-05,4515.91,INR,Deposit,
TXN000005,CUST3045,2024-04-07,2436.2,INR,Withdrawal,
TXN000006,CUST8915,2024-01-20,4407.94,GBP,Transfer,Pending
TXN000007,CUST2892,2024-10-05,258.07,EUR,Deposit,
TXN000008,CUST8719,2024-08-15,4732.13,INR,Deposit,
TXN000009,CUST6581,2024-02-01,3190.23,EUR,Transfer,Failed
TXN000010,CUST1388,2024-01-31,4461.3,CAD,Withdrawal,
TXN000011,CUST5568,2024-10-01,3141.66,CAD,Deposit,Failed
TXN000012,CUST8293,2024-09-22,1711.97,GBP,Transfer,Failed
TXN000013,CUST4210,2024-07-27,4690.8,USD,Withdrawal,Success
TXN000014,CUST9747,2024-07-14,574.97,INR,Transfer,Pending
TXN000015,CUST1666,2024-06-21,,CAD,Withdrawal,Failed
TXN000016,CUST6142,2024-07-01,2764.12,EUR,Withdrawal,Success
TXN000017,CUST8571,2024-06-12,2613.31,USD,Withdrawal,Failed
TXN000018,CUST2471,2024-12-12,2826.53,GBP,Transfer,Pending
TXN000019,CUST5086,2024-10-24,1050.74,EUR,Deposit,
TXN000020,CUST3254,2024-10-10,4872.35,CAD,Transfer,Pending
TXN000021,CUST3193,2024-03-18,3259.27,GBP,Deposit,Failed
TXN000022,CUST6294,2024-09-11,945.28,EUR,Withdrawal,Failed
TXN000023,CUST3239,2024-05-12,2237.35,GBP,Deposit,Pending
TXN000024,CUST6509,2024-02-03,908.79,EUR,Transfer,Success
TXN000025,CUST6087,2024-05-18,3003.61,EUR,Deposit,Success
TXN000026,CUST5983,2024-04-06,507.96,EUR,Withdrawal,Pending
TXN000027,CUST5318,2024-01-10,4571.0,GBP,Transfer,
TXN000028,CUST8595,2024-06-16,489.96,USD,Deposit,Success
TXN000029,CUST7794,2024-04-14,4507.56,CAD,Transfer,Pending
TXN000030,CUST9448,2024-04-01,984.78,USD,Withdrawal,Failed
TXN000031,CUST8160,2024-01-14,,GBP,Deposit,
TXN000032,CUST3577,2024-02-02,2811.18,CAD,Withdrawal,Pending
TXN000033,CUST7127,2024-10-27,3993.43,USD,Transfer,Pending
TXN000034,CUST4508,2024-11-14,4145.33,EUR,Deposit,
TXN000035,CUST3624,2024-01-03,1072.63,CAD,Transfer,
TXN000036,CUST5126,2024-01-26,4329.0,INR,Deposit,Success
TXN000037,CUST1318,2024-06-26,862.46,INR,Withdrawal,Failed
TXN000038,CUST1135,2024-09-10,4156.77,EUR,Transfer,
TXN000039,CUST5881,2024-08-13,2566.18,CAD,Transfer,
TXN000040,CUST4027,2024-01-21,1538.58,CAD,Deposit,
TXN000041,CUST5428,2024-01-26,2813.27,CAD,Transfer,
TXN000042,CUST9726,2024-09-12,2983.42,GBP,Deposit,
TXN000043,CUST2664,2024-12-05,4894.49,INR,Transfer,Success
TXN000044,CUST4449,2024-12-31,3798.25,INR,Transfer,Pending
TXN000045,CUST5781,,2071.32,GBP,Deposit,
TXN000046,CUST9767,2024-11-05,1946.46,USD,Transfer,Success
TXN000047,CUST9128,2024-08-21,,GBP,Withdrawal,Pending
TXN000048,CUST2000,2024-10-18,,CAD,Transfer,Failed
TXN000049,CUST9959,2024-08-23,439.14,INR,Deposit,Success
TXN000050,CUST9001,2024-06-18,4246.23,GBP,Withdrawal,Success
TXN000051,CUST4332,,3565.28,USD,Deposit,Failed
TXN000052,CUST9492,2024-02-04,430.58,INR,Transfer,Failed
TXN000053,CUST2288,2024-08-11,3986.86,EUR,Withdrawal,Success
TXN000054,CUST9019,2024-02-04,3745.51,GBP,Withdrawal,Success
TXN000055,CUST9797,2024-05-07,,EUR,Transfer,Failed
TXN000056,CUST7129,2024-08-02,33.66,EUR,Transfer,Failed
TXN000057,CUST1712,2024-09-21,551.99,GBP,Transfer,Pending
TXN000058,CUST1128,2024-12-20,256.37,USD,Deposit,Pending
TXN000059,CUST3245,2024-12-12,1062.8,GBP,Withdrawal,Failed
TXN000060,CUST4301,2024-02-27,4187.86,INR,Transfer,Success
TXN000061,CUST3910,2024-05-24,958.61,INR,Transfer,Failed
TXN000062,CUST8535,2024-12-29,566.86,CAD,Transfer,Failed
TXN000063,CUST5460,2024-01-19,1745.62,EUR,Deposit,Pending
TXN000064,CUST3511,2024-06-11,667.06,INR,Withdrawal,Pending
TXN000065,CUST1295,2024-06-17,1294.8,EUR,Deposit,Success
TXN000066,CUST2020,,4152.52,INR,Withdrawal,
TXN000067,CUST7159,2024-05-23,1180.5,INR,Deposit,Failed
TXN000068,CUST6283,2024-06-27,3153.78,CAD,Withdrawal,Failed
TXN000069,CUST6059,2024-06-15,4085.38,EUR,Withdrawal,
TXN000070,CUST5831,2024-01-29,3083.13,USD,Withdrawal,
TXN000071,CUST2200,2024-06-13,3968.98,GBP,Transfer,Pending
TXN000072,CUST6833,2024-10-28,,CAD,Deposit,
TXN000073,CUST8157,,3780.1,CAD,Transfer,
TXN000074,CUST3838,2024-05-16,,EUR,Transfer,Success
TXN000075,CUST2499,2024-07-30,2312.97,GBP,Transfer,Failed
TXN000076,CUST3550,2024-03-05,3218.59,INR,Transfer,Success
TXN000077,CUST2351,2024-12-27,1405.96,GBP,Transfer,Pending
TXN000078,CUST2101,2024-10-14,3121.44,EUR,Withdrawal,Pending
TXN000079,CUST7085,2024-06-24,2337.22,EUR,Transfer,Success
TXN000080,CUST9748,2024-05-22,4853.82,CAD,Withdrawal,Pending
TXN000081,CUST4682,2024-12-15,1109.53,GBP,Transfer,Success
TXN000082,CUST1654,2024-11-10,3569.92,EUR,Transfer,Pending
TXN000083,CUST3509,2024-08-17,2455.1,USD,Transfer,
TXN000084,CUST9064,2024-05-25,3051.04,GBP,Transfer,Success
TXN000085,CUST8280,2024-11-04,4466.92,EUR,Withdrawal,Success
TXN000086,CUST6604,2024-02-01,3810.21,USD,Withdrawal,Success
TXN000087,CUST2307,2024-09-22,4047.87,GBP,Deposit,Failed
TXN000088,CUST1281,2024-07-19,4603.85,INR,Transfer,Failed
TXN000089,CUST4579,2024-03-03,3977.69,GBP,Withdrawal,
TXN000090,CUST9652,2024-12-12,1535.21,INR,Deposit,Failed
TXN000091,CUST9213,2024-10-09,22.44,EUR,Deposit,Failed
TXN000092,CUST4620,,3124.9,USD,Transfer,Pending
TXN000093,CUST2237,2024-05-20,1698.92,EUR,Deposit,Pending
TXN000094,CUST2012,,2452.53,INR,Withdrawal,Success
TXN000095,CUST2849,2024-03-02,852.45,INR,Deposit,Failed
TXN000096,CUST8745,2024-11-15,1327.58,USD,Transfer,Pending
TXN000097,CUST3097,2024-07-27,4426.39,USD,Withdrawal,Pending
TXN000098,CUST9415,2024-10-03,1929.22,CAD,Withdrawal,
TXN000099,CUST4508,2024-08-17,810.02,GBP,Withdrawal,Failed
TXN000100,CUST9179,2024-07-11,1126.01,INR,Deposit,
TXN000101,CUST9663,2024-05-06,809.52,USD,Withdrawal,Pending
TXN000102,CUST5478,2024-12-14,4120.03,GBP,Withdrawal,Pending
TXN000103,CUST3020,2024-09-27,3536.16,EUR,Transfer,Pending
TXN000104,CUST3451,2024-01-20,2325.17,GBP,Transfer,Failed
TXN000105,CUST3826,2024-11-13,4856.41,CAD,Transfer,Pending
TXN000106,CUST6913,2024-07-27,3346.51,GBP,Transfer,
TXN000107,CUST8028,2024-10-23,,EUR,Transfer,
TXN000108,CUST7856,2024-02-11,782.18,EUR,Deposit,Success
TXN000109,CUST9987,2024-01-27,3560.84,CAD,Deposit,Failed
TXN000110,CUST2145,2024-07-06,2152.92,EUR,Withdrawal,
TXN000111,CUST2700,2024-03-05,3134.51,INR,Transfer,Success
TXN000112,CUST8863,2024-07-28,3385.62,CAD,Transfer,
TXN000113,CUST8482,2024-09-23,1738.01,EUR,Withdrawal,Failed
TXN000114,CUST8050,2024-06-21,3553.17,USD,Withdrawal,
TXN000115,CUST9744,2024-12-05,3049.98,USD,Withdrawal,
TXN000116,CUST9123,2024-10-30,3026.24,CAD,Transfer,
TXN000117,CUST4182,2024-10-11,93.94,CAD,Withdrawal,
TXN000118,CUST1590,2024-09-03,3466.01,GBP,Transfer,Success
TXN000119,CUST6834,2024-06-24,4626.94,USD,Deposit,
TXN000120,CUST5773,2024-07-08,,CAD,Deposit,
TXN000121,CUST5665,2024-01-06,818.96,CAD,Transfer,Pending
TXN000122,CUST4016,,3439.63,EUR,Withdrawal,Failed
TXN000123,CUST3145,2024-10-31,1995.4,GBP,Withdrawal,Failed
TXN000124,CUST5264,2024-11-24,1820.27,GBP,Deposit,Failed
TXN000125,CUST1024,2024-08-29,3586.23,GBP,Transfer,Success
TXN000126,CUST5803,,2828.98,GBP,Withdrawal,
TXN000127,CUST4303,2024-05-11,2410.24,INR,Transfer,
TXN000128,CUST9150,2024-10-07,4367.89,EUR,Deposit,Failed
TXN000129,CUST9001,2024-04-12,2387.91,INR,Transfer,Success
TXN000130,CUST3148,2024-04-17,359.38,CAD,Deposit,Success
TXN000131,CUST3072,,301.5,CAD,Transfer,Pending
TXN000132,CUST9762,2024-10-16,4197.64,INR,Withdrawal,Success
TXN000133,CUST3478,2024-03-26,676.19,EUR,Deposit,Pending
TXN000134,CUST1149,2024-07-16,618.48,CAD,Withdrawal,Pending
TXN000135,CUST1549,,2250.9,CAD,Withdrawal,Pending
TXN000136,CUST8436,2024-07-27,3601.16,USD,Withdrawal,Success
TXN000137,CUST6175,2024-08-17,1077.28,EUR,Deposit,
TXN000138,CUST6842,2024-04-12,2753.22,USD,Withdrawal,
TXN000139,CUST3514,2024-03-01,,USD,Withdrawal,Failed
TXN000140,CUST5822,2024-05-12,2695.88,INR,Deposit,
TXN000141,CUST3116,2024-06-10,4496.37,CAD,Withdrawal,Pending
TXN000142,CUST5064,2024-07-06,3932.45,CAD,Deposit,Failed
TXN000143,CUST5745,2024-01-08,4788.69,GBP,Deposit,
TXN000144,CUST1187,2024-09-30,4442.04,INR,Transfer,Pending
TXN000145,CUST2695,2024-01-10,2112.3,EUR,Transfer,Pending
TXN000146,CUST7807,2024-07-27,2682.53,INR,Transfer,Pending
TXN000147,CUST4229,2024-09-28,3173.1,CAD,Withdrawal,
TXN000148,CUST7816,,1054.21,CAD,Transfer,Pending
TXN000149,CUST3350,2024-06-19,202.99,CAD,Deposit,Success
TXN000150,CUST9563,2024-02-29,1538.44,EUR,Transfer,
TXN000151,CUST2720,2024-07-20,4966.17,INR,Deposit,Success
TXN000152,CUST7317,2024-11-19,3584.33,CAD,Withdrawal,Pending
TXN000153,CUST3586,2024-04-15,636.98,GBP,Transfer,Success
TXN000154,CUST9339,2024-02-18,2754.52,USD,Withdrawal,Failed
TXN000155,CUST3717,2024-07-24,2537.35,INR,Transfer,
TXN000156,CUST9800,2024-02-21,2174.46,INR,Withdrawal,Pending
TXN000157,CUST6542,2024-10-31,1669.49,USD,Withdrawal,Failed
TXN000158,CUST6212,2024-07-13,545.03,EUR,Withdrawal,Failed
TXN000159,CUST9795,2024-09-20,2319.46,USD,Transfer,Success
TXN000160,CUST4227,2024-07-08,4316.78,EUR,Withdrawal,Success
TXN000161,CUST8759,,295.71,INR,Deposit,
TXN000162,CUST3929,2024-09-10,3315.83,CAD,Deposit,
TXN000163,CUST3870,2024-03-28,4048.11,USD,Deposit,Failed
TXN000164,CUST9575,2024-03-27,2027.45,USD,Withdrawal,Success
TXN000165,CUST5954,2024-01-25,4092.41,USD,Withdrawal,
TXN000166,CUST4063,2024-09-18,1099.31,CAD,Withdrawal,Pending
TXN000167,CUST8665,,2861.77,USD,Withdrawal,
TXN000168,CUST8532,2024-03-27,1745.22,EUR,Withdrawal,
TXN000169,CUST5090,2024-01-05,3894.66,CAD,Deposit,Success
TXN000170,CUST9467,2024-06-06,1836.02,INR,Deposit,Success
TXN000171,CUST3812,2024-03-03,838.99,GBP,Deposit,
TXN000172,CUST9685,2024-06-21,1222.97,CAD,Withdrawal,Pending
TXN000173,CUST4981,,418.84,USD,Deposit,Failed
TXN000174,CUST8598,2024-12-19,2780.71,CAD,Transfer,Pending
TXN000175,CUST4429,2024-06-15,2144.27,CAD,Withdrawal,Success
TXN000176,CUST4321,,2799.12,INR,Deposit,Success
TXN000177,CUST8186,2024-08-01,120.23,CAD,Withdrawal,
TXN000178,CUST1142,2024-05-27,924.45,INR,Withdrawal,
TXN000179,CUST9508,2024-05-17,2566.32,CAD,Deposit,
TXN000180,CUST1030,2024-10-04,3676.13,CAD,Transfer,Success
TXN000181,CUST6027,2024-12-08,857.83,USD,Withdrawal,Pending
TXN000182,CUST3616,2024-04-18,481.01,USD,Deposit,Pending
TXN000183,CUST3732,2024-01-01,4649.61,CAD,Deposit,Success
TXN000184,CUST8006,2024-04-29,3152.28,INR,Withdrawal,Pending
TXN000185,CUST4608,2024-11-15,3292.49,INR,Withdrawal,Failed
TXN000186,CUST5656,2024-10-22,4494.19,EUR,Withdrawal,Pending
TXN000187,CUST4908,2024-11-08,2772.62,EUR,Deposit,Failed
TXN000188,CUST8101,2024-12-31,4946.06,GBP,Transfer,Success
TXN000189,CUST3570,,4063.23,USD,Deposit,Success
TXN000190,CUST8396,2024-01-19,3388.09,USD,Transfer,Pending
TXN000191,CUST4497,2024-01-07,2715.76,USD,Withdrawal,Pending
TXN000192,CUST3314,2024-03-24,1677.12,INR,Transfer,Success
TXN000193,CUST9655,2024-07-20,2898.35,INR,Transfer,Pending
TXN000194,CUST8531,,3743.12,EUR,Deposit,Failed
TXN000195,CUST8166,2024-06-30,2881.82,INR,Transfer,
TXN000196,CUST7792,2024-01-31,1073.08,EUR,Deposit,Pending
TXN000197,CUST7391,2024-10-16,4282.58,GBP,Transfer,Pending
TXN000198,CUST4663,2024-05-27,57.26,CAD,Withdrawal,
TXN000199,CUST7684,2024-07-07,4245.73,GBP,Transfer,Failed
TXN000200,CUST8128,2024-11-29,1938.83,GBP,Transfer,Success
TXN000201,CUST6431,2024-01-17,953.7,INR,Transfer,Failed
TXN000202,CUST2060,2024-07-08,3676.09,INR,Deposit,Pending
TXN000203,CUST8567,2024-02-19,579.53,CAD,Deposit,Success
TXN000204,CUST4637,2024-03-22,1549.73,GBP,Deposit,Pending
TXN000205,CUST1866,2024-09-05,3773.62,INR,Transfer,Pending
TXN000206,CUST9938,2024-03-12,466.73,USD,Withdrawal,Success
TXN000207,CUST5373,2024-01-05,2352.75,CAD,Withdrawal,Success
TXN000208,CUST9247,2024-07-18,2263.16,CAD,Withdrawal,Pending
TXN000209,CUST4706,2024-12-07,89.27,USD,Deposit,Pending
TXN000210,CUST8593,2024-01-01,3567.95,USD,Transfer,Failed
TXN000211,CUST1698,2024-08-15,1249.12,USD,Withdrawal,
TXN000212,CUST1974,2024-11-29,3552.74,GBP,Withdrawal,Success
TXN000213,CUST8122,2024-12-05,3307.21,INR,Deposit,Failed
TXN000214,CUST9459,,,INR,Transfer,
TXN000215,CUST9154,2024-02-24,2204.09,INR,Withdrawal,
TXN000216,CUST6989,2024-06-27,49.79,USD,Transfer,
TXN000217,CUST2065,2024-02-08,1316.23,EUR,Deposit,Failed
TXN000218,CUST1500,2024-11-02,2651.77,CAD,Transfer,
TXN000219,CUST3920,2024-08-08,413.27,EUR,Deposit,
TXN000220,CUST2362,2024-05-29,4845.16,INR,Deposit,
TXN000221,CUST8040,2024-06-30,,INR,Transfer,Pending
TXN000222,CUST6420,2024-10-26,2712.99,CAD,Withdrawal,Failed
TXN000223,CUST6814,2024-12-08,3623.63,USD,Transfer,Failed
TXN000224,CUST7493,2024-04-14,3993.88,EUR,Deposit,Pending
TXN000225,CUST2567,2024-08-28,3090.08,GBP,Withdrawal,Pending
TXN000226,CUST4330,,3400.04,INR,Transfer,Failed
TXN000227,CUST6821,2024-03-09,743.98,GBP,Transfer,
TXN000228,CUST7311,,1285.17,INR,Withdrawal,Failed
TXN000229,CUST9865,2024-02-12,1859.12,GBP,Withdrawal,Pending
TXN000230,CUST5079,2024-09-13,4292.49,USD,Transfer,Pending
TXN000231,CUST1544,2024-12-03,4070.37,GBP,Withdrawal,
TXN000232,CUST8054,2024-07-28,2414.78,INR,Deposit,Success
TXN000233,CUST5448,,3450.9,EUR,Deposit,Failed
TXN000234,CUST5794,2024-05-22,1660.24,GBP,Transfer,
TXN000235,CUST8421,2024-10-31,4203.68,INR,Deposit,Success
TXN000236,CUST9850,2024-04-04,2762.38,EUR,Transfer,
TXN000237,CUST2820,2024-03-21,,INR,Withdrawal,Success
TXN000238,CUST6547,2024-11-28,2839.31,USD,Deposit,Pending
TXN000239,CUST2474,2024-01-26,1246.49,INR,Transfer,Success
TXN000240,CUST1524,2024-02-13,825.28,CAD,Withdrawal,Pending
TXN000241,CUST7540,2024-05-19,3986.46,INR,Withdrawal,Failed
TXN000242,CUST1327,2024-09-21,,GBP,Withdrawal,Failed
TXN000243,CUST5086,2024-08-24,2472.75,GBP,Transfer,Pending
TXN000244,CUST5429,2024-08-22,488.67,CAD,Transfer,Failed
TXN000245,CUST5561,2024-11-23,1421.12,GBP,Deposit,
TXN000246,CUST4842,2024-01-03,688.17,INR,Deposit,Failed
TXN000247,CUST8839,2024-03-02,1221.32,INR,Deposit,Failed
TXN000248,CUST4040,,2523.73,INR,Withdrawal,Pending
TXN000249,CUST3849,2024-03-16,478.67,GBP,Withdrawal,Pending
TXN000250,CUST3751,2024-05-19,,GBP,Deposit,Success
TXN000251,CUST1678,2024-09-10,4961.1,INR,Transfer,Pending
TXN000252,CUST6043,,508.16,INR,Deposit,Failed
TXN000253,CUST1253,2024-03-12,3445.6,CAD,Deposit,Success
TXN000254,CUST2085,2024-12-19,4137.14,USD,Withdrawal,Failed
TXN000255,CUST7323,2024-04-12,2394.39,CAD,Withdrawal,Success
TXN000256,CUST1556,2024-12-27,1390.29,EUR,Deposit,Pending
TXN000257,CUST8662,,4156.91,EUR,Deposit,Failed
TXN000258,CUST1329,2024-02-07,2595.95,USD,Transfer,Pending
TXN000259,CUST5845,2024-01-13,3391.09,GBP,Transfer,Failed
TXN000260,CUST1997,2024-08-17,3750.67,USD,Deposit,
TXN000261,CUST6559,2024-01-13,2133.14,CAD,Withdrawal,Success
TXN000262,CUST4946,2024-12-22,775.48,CAD,Deposit,Success
TXN000263,CUST6545,2024-03-24,2996.71,GBP,Deposit,Failed
TXN000264,CUST6451,2024-01-10,,EUR,Withdrawal,Pending
TXN000265,CUST5503,2024-10-09,78.27,USD,Transfer,Success
TXN000266,CUST9496,2024-08-26,1833.73,CAD,Withdrawal,Success
TXN000267,CUST4223,2024-05-13,3435.33,CAD,Deposit,Pending
TXN000268,CUST9338,2024-12-20,4774.19,EUR,Transfer,Pending
TXN000269,CUST9657,2024-05-15,3604.81,USD,Deposit,
TXN000270,CUST3479,2024-07-15,4411.76,USD,Withdrawal,Success
TXN000271,CUST8107,2024-09-20,3796.43,CAD,Deposit,Failed
TXN000272,CUST4227,2024-05-20,1238.88,EUR,Deposit,
TXN000273,CUST8422,2024-10-14,4674.15,INR,Transfer,Failed
TXN000274,CUST3767,2024-01-28,68.88,GBP,Transfer,Pending
TXN000275,CUST8685,2024-04-07,4480.47,CAD,Deposit,Pending
TXN000276,CUST7176,2024-06-30,4436.91,CAD,Transfer,
TXN000277,CUST6464,2024-03-08,4994.49,USD,Transfer,Failed
TXN000278,CUST7119,,4195.86,USD,Transfer,Success
TXN000279,CUST6068,,3041.52,GBP,Deposit,Failed
TXN000280,CUST8174,2024-08-23,4862.23,CAD,Withdrawal,Pending
TXN000281,CUST7079,2024-11-10,,CAD,Deposit,Pending
TXN000282,CUST3206,2024-08-01,876.31,CAD,Withdrawal,Failed
TXN000283,CUST3599,2024-08-26,2343.71,USD,Withdrawal,Pending
TXN000284,CUST9299,2024-10-22,1748.76,EUR,Transfer,Pending
TXN000285,CUST5999,,921.93,CAD,Withdrawal,
TXN000286,CUST8046,2024-08-02,3808.8,CAD,Withdrawal,
TXN000287,CUST8900,2024-06-18,4964.44,INR,Deposit,Success
TXN000288,CUST3524,2024-07-12,4019.58,CAD,Deposit,
TXN000289,CUST6842,2024-02-20,1220.77,INR,Transfer,Success
TXN000290,CUST7627,,3123.25,INR,Withdrawal,Pending
TXN000291,CUST9583,,4422.96,GBP,Withdrawal,Pending
TXN000292,CUST8911,2024-02-10,4506.56,CAD,Transfer,Failed
TXN000293,CUST3259,2024-06-20,3982.27,GBP,Transfer,Pending
TXN000294,CUST4081,2024-04-25,1795.68,GBP,Withdrawal,Failed
TXN000295,CUST6609,2024-05-23,481.56,GBP,Deposit,Success
TXN000296,CUST4865,,4682.96,EUR,Withdrawal,Success
TXN000297,CUST4854,2024-07-26,1368.46,CAD,Deposit,Failed
TXN000298,CUST7936,2024-02-14,70.28,EUR,Transfer,
TXN000299,CUST3578,2024-02-18,,GBP,Transfer,Success
TXN000300,CUST3352,2024-04-23,522.15,USD,Transfer,Success
TXN000301,CUST7520,2024-11-26,775.72,USD,Transfer,
TXN000302,CUST8737,2024-11-06,3858.26,INR,Withdrawal,Success
TXN000303,CUST3058,2024-08-17,2941.13,USD,Transfer,Failed
TXN000304,CUST1146,2024-01-08,1037.34,GBP,Withdrawal,Pending
TXN000305,CUST1583,2024-03-10,4600.74,CAD,Transfer,Pending
TXN000306,CUST9166,2024-12-07,536.17,USD,Deposit,Success
TXN000307,CUST3932,2024-04-01,3623.04,USD,Deposit,Pending
TXN000308,CUST3929,,291.18,CAD,Deposit,Failed
TXN000309,CUST2374,2024-01-30,163.33,GBP,Transfer,Pending
TXN000310,CUST8611,2024-03-28,4240.09,EUR,Withdrawal,
TXN000311,CUST3296,2024-08-29,2836.35,CAD,Withdrawal,Success
TXN000312,CUST8684,2024-08-17,3317.93,INR,Transfer,Failed
TXN000313,CUST7993,,4332.78,CAD,Withdrawal,Failed
TXN000314,CUST6535,2024-11-10,2010.16,CAD,Transfer,Success
TXN000315,CUST9242,2024-02-26,4719.48,USD,Withdrawal,Pending
TXN000316,CUST6522,2024-06-25,466.1,USD,Deposit,Pending
TXN000317,CUST1792,2024-09-13,141.96,CAD,Withdrawal,Success
TXN000318,CUST5644,,192.48,CAD,Withdrawal,Success
TXN000319,CUST8308,2024-07-18,4997.36,INR,Deposit,Failed
TXN000320,CUST5010,2024-04-04,1270.88,USD,Deposit,Failed
TXN000321,CUST3713,2024-11-11,1933.42,GBP,Transfer,
TXN000322,CUST2533,2024-05-06,401.07,EUR,Deposit,
TXN000323,CUST5600,2024-02-17,3711.46,GBP,Withdrawal,Failed
TXN000324,CUST7100,2024-12-04,577.55,GBP,Withdrawal,Failed
TXN000325,CUST2043,2024-10-29,387.5,EUR,Deposit,Success
TXN000326,CUST7584,2024-10-05,,GBP,Transfer,Failed
TXN000327,CUST9111,2024-05-02,1449.15,USD,Deposit,
TXN000328,CUST8603,2024-09-17,,INR,Transfer,Success
TXN000329,CUST3534,2024-05-02,4320.72,EUR,Transfer,Pending
TXN000330,CUST3040,2024-12-05,2548.04,GBP,Deposit,Failed
TXN000331,CUST7123,2024-11-22,1588.86,USD,Transfer,Failed
TXN000332,CUST4754,2024-01-07,2167.24,CAD,Transfer,Success
TXN000333,CUST7659,2024-03-04,41.81,EUR,Transfer,Pending
TXN000334,CUST8674,2024-10-11,3880.9,USD,Transfer,Pending
TXN000335,CUST5146,,3956.89,INR,Withdrawal,Success
TXN000336,CUST6791,2024-01-21,2344.61,CAD,Transfer,
TXN000337,CUST1322,2024-02-19,168.4,CAD,Withdrawal,Failed
TXN000338,CUST2097,2024-05-05,2542.78,EUR,Deposit,Success
TXN000339,CUST7605,,1957.55,GBP,Withdrawal,
TXN000340,CUST1924,2024-07-17,2771.42,EUR,Transfer,
TXN000341,CUST4229,2024-10-01,3194.22,EUR,Withdrawal,Success
TXN000342,CUST6534,2024-12-20,890.64,CAD,Withdrawal,
TXN000343,CUST2006,2024-02-20,3334.75,USD,Deposit,Pending
TXN000344,CUST7738,,4432.06,EUR,Transfer,Success
TXN000345,CUST8644,2024-04-07,3702.99,EUR,Deposit,Success
TXN000346,CUST1424,2024-10-18,3923.42,EUR,Deposit,Success
TXN000347,CUST4810,2024-08-30,2270.03,USD,Transfer,Pending
TXN000348,CUST9217,2024-04-14,3633.39,GBP,Deposit,Failed
TXN000349,CUST2646,2024-07-19,1862.01,USD,Transfer,Pending
TXN000350,CUST3433,,530.5,EUR,Withdrawal,Pending
TXN000351,CUST2549,2024-05-12,4732.84,INR,Withdrawal,Failed
TXN000352,CUST9457,2024-01-01,3790.33,USD,Withdrawal,Success
TXN000353,CUST3731,2024-01-10,2163.5,CAD,Withdrawal,Pending
TXN000354,CUST1294,2024-03-25,3879.81,CAD,Withdrawal,Failed
TXN000355,CUST3225,2024-04-21,2753.69,INR,Transfer,
TXN000356,CUST9040,2024-04-17,3937.8,USD,Withdrawal,Failed
TXN000357,CUST6672,2024-06-30,2078.45,EUR,Deposit,Pending
TXN000358,CUST5117,2024-10-12,1766.06,INR,Withdrawal,Success
TXN000359,CUST4627,2024-11-19,4253.68,CAD,Deposit,Pending
TXN000360,CUST9662,2024-06-23,958.05,GBP,Deposit,Success
TXN000361,CUST1573,2024-09-30,2060.48,INR,Transfer,Failed
TXN000362,CUST2255,2024-03-29,1910.39,CAD,Deposit,
TXN000363,CUST9868,2024-08-17,1570.37,EUR,Withdrawal,
TXN000364,CUST7286,2024-09-27,3945.34,EUR,Deposit,Failed
TXN000365,CUST5055,2024-09-24,4124.23,EUR,Deposit,Pending
TXN000366,CUST2758,2024-03-23,2316.95,GBP,Withdrawal,
TXN000367,CUST2945,2024-01-13,,INR,Transfer,
TXN000368,CUST1393,,770.52,INR,Transfer,Success
TXN000369,CUST9281,,4138.31,GBP,Deposit,Pending
TXN000370,CUST9957,,4577.88,EUR,Deposit,
TXN000371,CUST2275,2024-02-21,333.64,GBP,Deposit,Success
TXN000372,CUST1294,2024-09-30,4336.05,USD,Deposit,Failed
TXN000373,CUST7298,2024-03-21,598.17,INR,Transfer,
TXN000374,CUST7653,2024-08-08,1765.32,EUR,Deposit,Pending
TXN000375,CUST5573,2024-10-25,1808.17,CAD,Transfer,Failed
TXN000376,CUST4367,2024-07-29,1341.44,INR,Deposit,Failed
TXN000377,CUST8819,2024-02-11,,CAD,Transfer,Failed
TXN000378,CUST4466,2024-12-20,872.57,CAD,Deposit,
TXN000379,CUST6895,2024-12-13,4746.33,CAD,Withdrawal,Failed
TXN000380,CUST1165,2024-02-24,1124.81,GBP,Deposit,Pending
TXN000381,CUST8382,2024-07-28,3764.02,INR,Deposit,Pending
TXN000382,CUST8198,2024-08-01,611.56,GBP,Withdrawal,Success
TXN000383,CUST7147,2024-03-23,4072.94,GBP,Transfer,Success
TXN000384,CUST4812,2024-06-26,2405.37,CAD,Withdrawal,
TXN000385,CUST2604,2024-10-18,1184.71,GBP,Deposit,
TXN000386,CUST7582,2024-06-22,3674.56,EUR,Transfer,Success
TXN000387,CUST1305,2024-06-13,600.45,USD,Withdrawal,Pending
TXN000388,CUST2763,2024-01-07,4874.46,INR,Withdrawal,Failed
TXN000389,CUST6516,2024-01-02,280.84,GBP,Transfer,Pending
TXN000390,CUST2567,2024-10-05,3066.31,CAD,Transfer,Success
TXN000391,CUST3239,2024-01-08,2857.46,EUR,Transfer,
TXN000392,CUST9971,2024-06-11,2681.91,CAD,Withdrawal,Pending
TXN000393,CUST3485,,4252.46,CAD,Withdrawal,Success
TXN000394,CUST4357,2024-02-04,704.87,GBP,Deposit,Success
TXN000395,CUST8394,2024-04-18,756.65,INR,Deposit,
TXN000396,CUST2100,,1280.37,GBP,Withdrawal,Failed
TXN000397,CUST6916,2024-03-09,3666.96,CAD,Deposit,Success
TXN000398,CUST8998,2024-01-24,3655.2,EUR,Transfer,Pending
TXN000399,CUST5347,2024-03-12,2704.51,INR,Deposit,Success
TXN000400,CUST7258,,602.76,CAD,Transfer,Pending
TXN000401,CUST2645,,1531.64,USD,Withdrawal,
TXN000402,CUST3931,,4745.66,USD,Deposit,
TXN000403,CUST5586,,,USD,Transfer,Success
TXN000404,CUST2695,2024-02-17,414.31,INR,Transfer,Pending
TXN000405,CUST8279,2024-08-29,,INR,Withdrawal,
TXN000406,CUST3410,2024-09-18,2854.59,GBP,Deposit,Failed
TXN000407,CUST5112,2024-04-08,1928.31,CAD,Withdrawal,Pending
TXN000408,CUST7364,2024-02-22,1361.1,CAD,Transfer,Pending
TXN000409,CUST4669,2024-05-12,2259.11,CAD,Deposit,Success
TXN000410,CUST4945,2024-10-25,3544.21,GBP,Deposit,Failed
TXN000411,CUST1205,2024-05-10,596.7,USD,Transfer,Pending
TXN000412,CUST7818,2024-04-24,1164.61,USD,Withdrawal,Failed
TXN000413,CUST3188,2024-10-16,1831.77,USD,Withdrawal,Success
TXN000414,CUST6541,,4602.69,GBP,Deposit,Failed
TXN000415,CUST4057,2024-04-04,4003.18,INR,Withdrawal,Pending
TXN000416,CUST7672,2024-05-15,2841.48,INR,Transfer,Success
TXN000417,CUST6846,2024-12-19,4234.29,CAD,Deposit,
TXN000418,CUST1956,2024-02-18,3310.89,GBP,Withdrawal,Pending
TXN000419,CUST6112,,3075.39,EUR,Withdrawal,Failed
TXN000420,CUST2497,2024-07-16,4082.8,USD,Deposit,Success
TXN000421,CUST4063,2024-09-30,2659.34,EUR,Withdrawal,Failed
TXN000422,CUST7898,2024-07-05,1475.11,USD,Withdrawal,Pending
TXN000423,CUST3191,2024-01-22,2007.42,CAD,Deposit,Success
TXN000424,CUST8180,,3242.9,INR,Deposit,Pending
TXN000425,CUST5422,2024-11-18,4559.1,EUR,Transfer,Pending
TXN000426,CUST4230,2024-05-12,2817.16,GBP,Withdrawal,Failed
TXN000427,CUST3779,2024-11-05,4955.23,INR,Transfer,
TXN000428,CUST9719,2024-07-07,4479.67,GBP,Withdrawal,Success
TXN000429,CUST2752,2024-02-25,2939.75,EUR,Withdrawal,Pending
TXN000430,CUST6757,2024-08-29,505.19,INR,Withdrawal,Pending
TXN000431,CUST1705,2024-12-14,2046.8,GBP,Transfer,Failed
TXN000432,CUST4453,2024-03-06,3036.78,USD,Withdrawal,
TXN000433,CUST5905,2024-06-24,2916.83,CAD,Withdrawal,
TXN000434,CUST9046,2024-12-15,4995.95,GBP,Deposit,Pending
TXN000435,CUST1030,2024-01-20,1117.44,USD,Withdrawal,Pending
TXN000436,CUST4614,2024-07-03,2112.98,USD,Deposit,
TXN000437,CUST4737,2024-12-23,2004.05,GBP,Deposit,Success
TXN000438,CUST3259,2024-11-20,3569.13,INR,Deposit,Pending
TXN000439,CUST2901,2024-05-19,3592.39,EUR,Deposit,Failed
TXN000440,CUST2993,2024-11-02,3953.25,CAD,Withdrawal,Failed
TXN000441,CUST8632,2024-05-25,4648.75,EUR,Withdrawal,Failed
TXN000442,CUST2311,2024-10-29,2572.7,INR,Deposit,
TXN000443,CUST5794,2024-10-23,601.28,CAD,Deposit,Failed
TXN000444,CUST1468,2024-06-29,63.56,GBP,Withdrawal,Failed
TXN000445,CUST7797,2024-09-05,4542.68,GBP,Transfer,Failed
TXN000446,CUST1841,2024-11-11,4906.21,GBP,Transfer,Failed
TXN000447,CUST8346,2024-07-30,2099.41,USD,Withdrawal,Failed
TXN000448,CUST4644,2024-01-30,899.18,EUR,Withdrawal,
TXN000449,CUST1550,2024-11-08,950.15,EUR,Withdrawal,
TXN000450,CUST9756,2024-05-22,1100.03,EUR,Withdrawal,
TXN000451,CUST3209,2024-02-10,1826.13,INR,Withdrawal,Success
TXN000452,CUST2438,,311.39,EUR,Transfer,
TXN000453,CUST3270,2024-01-22,3884.67,EUR,Withdrawal,Success
TXN000454,CUST5605,2024-04-12,505.72,EUR,Transfer,Failed
TXN000455,CUST2663,2024-04-26,4715.86,GBP,Withdrawal,Failed
TXN000456,CUST9734,,4093.43,INR,Withdrawal,Failed
TXN000457,CUST2868,2024-04-24,3034.08,USD,Transfer,Failed
TXN000458,CUST4036,,4609.92,CAD,Withdrawal,
TXN000459,CUST5599,2024-05-16,3449.25,EUR,Withdrawal,Pending
TXN000460,CUST8922,2024-02-10,1690.54,USD,Transfer,Pending
TXN000461,CUST9560,2024-08-20,2379.43,GBP,Deposit,Failed
TXN000462,CUST6482,2024-07-15,4299.4,USD,Deposit,Pending
TXN000463,CUST1444,2024-07-03,2494.87,EUR,Transfer,Success
TXN000464,CUST2628,2024-05-21,4305.67,INR,Transfer,Pending
TXN000465,CUST3214,2024-06-23,2699.99,EUR,Withdrawal,Failed
TXN000466,CUST3515,2024-11-19,2561.2,USD,Withdrawal,Failed
TXN000467,CUST3254,2024-08-28,3755.51,EUR,Withdrawal,
TXN000468,CUST2418,2024-10-23,1112.67,CAD,Deposit,Pending
TXN000469,CUST9565,2024-02-09,3536.76,INR,Deposit,
TXN000470,CUST7367,2024-07-20,1553.03,USD,Deposit,
TXN000471,CUST8457,2024-09-05,2643.16,CAD,Deposit,
TXN000472,CUST2033,2024-08-17,3541.08,INR,Transfer,Success
TXN000473,CUST2602,2024-04-15,4509.49,CAD,Deposit,Success
TXN000474,CUST5134,2024-09-28,91.43,CAD,Withdrawal,Failed
TXN000475,CUST4516,,4148.19,CAD,Withdrawal,Success
TXN000476,CUST5047,2024-08-27,2856.26,EUR,Transfer,Failed
TXN000477,CUST7888,2024-02-09,2759.87,GBP,Withdrawal,Success
TXN000478,CUST5415,2024-04-06,4373.09,USD,Transfer,Failed
TXN000479,CUST1066,,113.81,INR,Withdrawal,Pending
TXN000480,CUST2773,2024-12-19,,INR,Withdrawal,Success
TXN000481,CUST8620,2024-02-13,451.46,EUR,Transfer,Pending
TXN000482,CUST2847,2024-12-23,1885.32,INR,Transfer,
TXN000483,CUST4083,2024-11-08,4751.92,CAD,Deposit,Pending
TXN000484,CUST8035,2024-09-20,775.92,USD,Transfer,
TXN000485,CUST5389,2024-12-14,4591.06,CAD,Withdrawal,Success
TXN000486,CUST6912,2024-02-27,4515.86,EUR,Transfer,
TXN000487,CUST9881,2024-09-18,,EUR,Withdrawal,Failed
TXN000488,CUST5942,2024-11-01,2901.9,INR,Deposit,
TXN000489,CUST8020,2024-07-13,477.78,INR,Deposit,Failed
TXN000490,CUST6083,2024-01-04,1440.72,USD,Deposit,
TXN000491,CUST1612,2024-02-02,736.18,EUR,Deposit,Pending
TXN000492,CUST3156,2024-12-07,,INR,Transfer,
TXN000493,CUST8944,2024-11-04,4748.18,EUR,Transfer,
TXN000494,CUST2761,2024-06-02,3292.03,USD,Deposit,Failed
TXN000495,CUST9983,2024-05-30,4779.32,EUR,Transfer,
TXN000496,CUST8395,2024-05-21,1744.59,CAD,Withdrawal,Failed
TXN000497,CUST3001,2024-02-07,1206.57,EUR,Transfer,
TXN000498,CUST6114,2024-05-23,1455.68,USD,Deposit,Pending
TXN000499,CUST3542,2024-05-26,2572.07,USD,Withdrawal,Failed
TXN000500,CUST4606,2024-09-10,1430.11,USD,Withdrawal,Pending
TXN000501,CUST1937,2024-08-20,719.1,EUR,Withdrawal,Failed
TXN000502,CUST9748,2024-06-20,3824.72,GBP,Withdrawal,
TXN000503,CUST9095,2024-04-16,2504.47,INR,Transfer,
TXN000504,CUST7672,2024-04-03,3634.91,INR,Deposit,
TXN000505,CUST3361,2024-02-05,4785.62,INR,Withdrawal,Pending
TXN000506,CUST3834,,3607.98,CAD,Deposit,Pending
TXN000507,CUST1290,2024-06-29,3645.51,USD,Withdrawal,Failed
TXN000508,CUST9410,2024-12-29,367.41,CAD,Transfer,Failed
TXN000509,CUST9531,2024-06-22,1717.48,EUR,Withdrawal,Failed
TXN000510,CUST1618,2024-10-08,4100.5,GBP,Transfer,
TXN000511,CUST6450,2024-08-26,221.91,EUR,Withdrawal,Pending
TXN000512,CUST5399,2024-08-09,1984.36,EUR,Withdrawal,Success
TXN000513,CUST4199,,1195.52,CAD,Transfer,
TXN000514,CUST4793,,540.13,GBP,Withdrawal,
TXN000515,CUST2974,2024-07-30,623.38,EUR,Deposit,Success
TXN000516,CUST2629,2024-10-11,3683.26,USD,Transfer,Failed
TXN000517,CUST8998,2024-10-19,4012.42,GBP,Withdrawal,Pending
TXN000518,CUST6462,2024-12-05,1310.29,CAD,Withdrawal,Failed
TXN000519,CUST7853,,2413.32,INR,Deposit,
TXN000520,CUST8657,2024-06-09,3857.33,CAD,Withdrawal,Failed
TXN000521,CUST8140,2024-07-20,2258.05,CAD,Withdrawal,Success
TXN000522,CUST4036,2024-10-14,229.52,USD,Transfer,Failed
TXN000523,CUST6402,2024-03-27,1068.95,CAD,Withdrawal,Pending
TXN000524,CUST8542,2024-05-02,2328.24,USD,Withdrawal,
TXN000525,CUST4879,,3230.92,CAD,Deposit,Success
TXN000526,CUST8698,2024-03-05,3045.49,USD,Withdrawal,
TXN000527,CUST2786,2024-12-24,3068.13,EUR,Transfer,Failed
TXN000528,CUST1995,2024-08-20,3969.75,EUR,Withdrawal,Failed
TXN000529,CUST9294,2024-12-05,714.44,USD,Deposit,Success
TXN000530,CUST5771,2024-03-18,3446.79,USD,Withdrawal,Pending
TXN000531,CUST9327,2024-08-18,3068.79,EUR,Transfer,Success
TXN000532,CUST1778,2024-12-12,80.09,USD,Deposit,
TXN000533,CUST2452,,3803.25,GBP,Withdrawal,Success
TXN000534,CUST9082,2024-05-06,1948.11,USD,Withdrawal,Success
TXN000535,CUST8078,2024-07-22,4974.53,GBP,Deposit,Pending
TXN000536,CUST1908,2024-10-08,1812.1,USD,Deposit,Success
TXN000537,CUST8384,2024-02-06,2965.21,INR,Transfer,Failed
TXN000538,CUST8231,,3399.44,GBP,Deposit,Success
TXN000539,CUST7197,2024-06-04,4749.75,INR,Transfer,Failed
TXN000540,CUST8830,,435.36,CAD,Transfer,Failed
TXN000541,CUST4019,2024-04-15,2318.23,EUR,Deposit,Pending
TXN000542,CUST3769,2024-01-15,2098.36,EUR,Deposit,Failed
TXN000543,CUST4852,2024-03-22,4899.05,USD,Transfer,Pending
TXN000544,CUST4559,2024-04-05,2924.18,GBP,Deposit,Failed
TXN000545,CUST1214,2024-02-05,1073.53,EUR,Transfer,Failed
TXN000546,CUST9293,2024-05-18,4036.04,CAD,Transfer,Success
TXN000547,CUST9744,2024-08-25,1044.98,GBP,Withdrawal,Failed
TXN000548,CUST8428,2024-11-18,1551.12,USD,Transfer,Pending
TXN000549,CUST2485,2024-09-27,711.06,GBP,Withdrawal,Failed
TXN000550,CUST7274,2024-07-06,,EUR,Transfer,
TXN000551,CUST4161,2024-05-09,,CAD,Transfer,Pending
TXN000552,CUST4725,2024-04-01,4588.2,EUR,Transfer,
TXN000553,CUST6286,2024-04-07,1034.83,INR,Transfer,
TXN000554,CUST9803,2024-07-14,2818.34,GBP,Transfer,Success
TXN000555,CUST8281,2024-12-20,3153.14,GBP,Transfer,Pending
TXN000556,CUST1948,2024-01-19,931.55,GBP,Deposit,Failed
TXN000557,CUST2421,2024-04-13,642.1,CAD,Transfer,
TXN000558,CUST1773,2024-06-08,573.15,INR,Deposit,Pending
TXN000559,CUST7535,2024-08-17,1842.22,USD,Withdrawal,Success
TXN000560,CUST1345,2024-04-19,1237.11,INR,Deposit,Failed
TXN000561,CUST2893,2024-10-23,786.89,USD,Withdrawal,
TXN000562,CUST7287,,571.27,CAD,Deposit,Pending
TXN000563,CUST7444,2024-09-21,2723.65,USD,Withdrawal,Success
TXN000564,CUST3032,2024-02-05,118.13,USD,Deposit,Success
TXN000565,CUST5205,2024-12-01,1320.96,USD,Deposit,Success
TXN000566,CUST2009,,314.69,EUR,Withdrawal,Failed
TXN000567,CUST4141,2024-11-04,1484.43,EUR,Deposit,Success
TXN000568,CUST2621,2024-11-23,4527.44,USD,Transfer,Pending
TXN000569,CUST4242,2024-01-23,3294.18,EUR,Deposit,
TXN000570,CUST4540,2024-10-17,1487.58,INR,Transfer,Failed
TXN000571,CUST9742,2024-02-14,4091.7,INR,Transfer,Success
TXN000572,CUST1557,2024-02-16,2121.96,CAD,Deposit,
TXN000573,CUST6788,2024-06-05,2952.97,EUR,Transfer,Success
TXN000574,CUST8503,2024-05-02,1144.65,USD,Transfer,Success
TXN000575,CUST1080,2024-08-06,3098.06,CAD,Withdrawal,Success
TXN000576,CUST4557,2024-01-03,737.87,USD,Withdrawal,
TXN000577,CUST6380,2024-11-08,3329.01,CAD,Transfer,Success
TXN000578,CUST5522,2024-04-28,2114.77,GBP,Transfer,Success
TXN000579,CUST2721,2024-01-15,1007.24,USD,Transfer,Failed
TXN000580,CUST6023,2024-11-01,3898.34,GBP,Withdrawal,
TXN000581,CUST2511,,3845.1,GBP,Deposit,Failed
TXN000582,CUST6314,,623.54,GBP,Withdrawal,Failed
TXN000583,CUST5189,2024-11-22,2934.69,GBP,Transfer,Success
TXN000584,CUST4638,2024-05-09,953.71,INR,Withdrawal,Failed
TXN000585,CUST7782,,2388.62,EUR,Withdrawal,Failed
TXN000586,CUST7409,2024-07-06,2564.24,GBP,Deposit,Failed
TXN000587,CUST8470,2024-12-10,1881.61,EUR,Withdrawal,Pending
TXN000588,CUST6748,2024-06-24,1748.02,EUR,Deposit,Success
TXN000589,CUST6869,2024-02-18,65.49,CAD,Deposit,
TXN000590,CUST3054,2024-04-11,,EUR,Withdrawal,Pending
TXN000591,CUST6796,,3326.43,EUR,Withdrawal,Success
TXN000592,CUST5886,2024-09-30,4303.4,EUR,Deposit,Success
TXN000593,CUST6345,2024-08-10,1834.02,CAD,Transfer,
TXN000594,CUST3029,2024-11-19,3432.79,CAD,Withdrawal,Success
TXN000595,CUST3610,2024-05-31,4535.47,GBP,Deposit,Success
TXN000596,CUST9117,2024-12-18,4637.44,GBP,Transfer,
TXN000597,CUST6309,,1463.22,USD,Deposit,Success
TXN000598,CUST5545,2024-12-23,1254.29,INR,Withdrawal,Success
TXN000599,CUST2203,2024-04-18,2917.46,CAD,Withdrawal,Failed
TXN000600,CUST4025,2024-06-25,1860.42,EUR,Transfer,Failed
TXN000601,CUST9066,2024-03-27,3161.07,EUR,Withdrawal,
TXN000602,CUST9881,2024-02-02,2583.63,USD,Withdrawal,Failed
TXN000603,CUST8347,2024-09-01,1073.25,GBP,Withdrawal,Failed
TXN000604,CUST6352,2024-11-05,2565.72,INR,Deposit,Failed
TXN000605,CUST1152,,1991.57,GBP,Transfer,Failed
TXN000606,CUST4909,2024-06-26,2741.72,GBP,Withdrawal,Failed
TXN000607,CUST8139,2024-10-24,1961.86,CAD,Withdrawal,Success
TXN000608,CUST2981,2024-06-08,1693.41,GBP,Transfer,Failed
TXN000609,CUST8560,,75.99,GBP,Transfer,
TXN000610,CUST3195,2024-02-18,3606.97,USD,Withdrawal,Success
TXN000611,CUST1650,2024-06-24,,INR,Deposit,Failed
TXN000612,CUST5311,2024-09-04,4264.84,GBP,Withdrawal,Success
TXN000613,CUST7414,,3508.81,INR,Transfer,Failed
TXN000614,CUST9908,2024-02-15,2443.76,CAD,Withdrawal,
TXN000615,CUST5078,2024-08-27,4588.34,EUR,Transfer,Pending
TXN000616,CUST4133,2024-02-22,1660.65,INR,Transfer,Failed
TXN000617,CUST9454,2024-01-02,3636.27,USD,Withdrawal,
TXN000618,CUST8006,2024-10-05,3922.57,INR,Withdrawal,
TXN000619,CUST9812,2024-12-28,3346.66,USD,Transfer,
TXN000620,CUST7378,2024-08-13,4412.44,GBP,Withdrawal,Success
TXN000621,CUST2670,2024-02-06,1997.97,GBP,Transfer,Failed
TXN000622,CUST2134,2024-10-15,170.58,GBP,Withdrawal,
TXN000623,CUST8431,2024-06-29,830.33,CAD,Deposit,Failed
TXN000624,CUST1200,2024-05-01,1053.26,GBP,Transfer,
TXN000625,CUST2373,2024-04-13,4368.61,EUR,Transfer,Failed
TXN000626,CUST4595,2024-05-20,292.4,EUR,Withdrawal,Success
TXN000627,CUST9235,2024-03-05,907.45,INR,Transfer,Pending
TXN000628,CUST2696,2024-07-24,950.73,CAD,Withdrawal,Success
TXN000629,CUST4123,2024-11-20,4340.7,EUR,Transfer,Failed
TXN000630,CUST7366,2024-11-09,1011.65,GBP,Withdrawal,Failed
TXN000631,CUST2297,2024-05-29,3679.3,INR,Transfer,Failed
TXN000632,CUST9767,2024-09-18,2875.38,INR,Transfer,Failed
TXN000633,CUST5133,2024-01-17,4193.99,INR,Withdrawal,Success
TXN000634,CUST1451,2024-01-03,3932.43,EUR,Transfer,
TXN000635,CUST8141,2024-04-07,991.34,GBP,Transfer,
TXN000636,CUST8064,2024-11-18,3323.18,USD,Withdrawal,Failed
TXN000637,CUST4726,2024-05-09,3918.34,EUR,Transfer,Failed
TXN000638,CUST7635,2024-06-01,4914.92,INR,Withdrawal,Failed
TXN000639,CUST7248,2024-11-07,1755.94,GBP,Withdrawal,Success
TXN000640,CUST7014,,3784.45,GBP,Transfer,
TXN000641,CUST7281,2024-03-02,2383.99,INR,Withdrawal,Failed
TXN000642,CUST9191,2024-09-06,4304.16,USD,Transfer,
TXN000643,CUST6730,2024-01-05,659.27,GBP,Deposit,Success
TXN000644,CUST2396,2024-10-19,1322.5,GBP,Withdrawal,Pending
TXN000645,CUST6710,2024-09-13,4597.63,USD,Withdrawal,Success
TXN000646,CUST4342,2024-12-16,3183.87,EUR,Transfer,
TXN000647,CUST6048,,2999.72,EUR,Withdrawal,Success
TXN000648,CUST5804,2024-08-27,1706.13,GBP,Transfer,Failed
TXN000649,CUST5204,2024-04-11,2611.58,EUR,Transfer,Success
TXN000650,CUST7010,2024-06-16,1973.12,INR,Withdrawal,
TXN000651,CUST3663,2024-04-27,2092.54,USD,Deposit,Success
TXN000652,CUST2162,2024-01-19,834.84,EUR,Withdrawal,Success
TXN000653,CUST3726,2024-08-24,384.68,GBP,Transfer,
TXN000654,CUST8831,2024-10-07,4554.42,EUR,Withdrawal,Pending
TXN000655,CUST1916,,3744.36,USD,Transfer,
TXN000656,CUST3868,2024-06-04,3972.56,INR,Withdrawal,Pending
TXN000657,CUST8622,2024-07-30,621.45,CAD,Withdrawal,
TXN000658,CUST2505,2024-09-10,1246.87,EUR,Deposit,
TXN000659,CUST8775,2024-06-16,3006.48,CAD,Deposit,Pending
TXN000660,CUST1777,2024-01-08,1055.38,GBP,Transfer,
TXN000661,CUST7571,2024-06-17,3328.8,CAD,Transfer,Success
TXN000662,CUST9419,2024-05-19,4716.85,GBP,Withdrawal,Pending
TXN000663,CUST5381,2024-03-30,2438.24,CAD,Withdrawal,Success
TXN000664,CUST5763,2024-01-07,1159.79,EUR,Withdrawal,
TXN000665,CUST3898,2024-06-04,3005.41,CAD,Deposit,Failed
TXN000666,CUST3309,2024-05-14,4936.92,GBP,Deposit,Failed
TXN000667,CUST1719,2024-04-22,3471.57,EUR,Deposit,Pending
TXN000668,CUST6276,,2112.75,EUR,Deposit,Failed
TXN000669,CUST8632,2024-07-24,4302.7,USD,Withdrawal,Success
TXN000670,CUST6917,2024-12-05,3900.24,USD,Deposit,Success
TXN000671,CUST9327,2024-06-26,379.76,CAD,Deposit,Pending
TXN000672,CUST5520,2024-01-19,3929.73,INR,Withdrawal,Pending
TXN000673,CUST3148,2024-12-02,3921.28,GBP,Withdrawal,
TXN000674,CUST5678,2024-07-27,398.53,USD,Withdrawal,
TXN000675,CUST5388,2024-09-08,1243.5,CAD,Withdrawal,Failed
TXN000676,CUST4020,2024-09-12,1181.3,CAD,Withdrawal,Success
TXN000677,CUST7414,2024-12-18,3743.49,EUR,Transfer,
TXN000678,CUST5787,,4963.47,USD,Deposit,Success
TXN000679,CUST6330,2024-08-31,2886.36,EUR,Withdrawal,Success
TXN000680,CUST5381,2024-05-17,2737.26,CAD,Deposit,Failed
TXN000681,CUST7414,2024-05-21,2692.95,GBP,Deposit,
TXN000682,CUST2349,2024-10-22,436.94,GBP,Transfer,Failed
TXN000683,CUST7154,,2339.89,GBP,Withdrawal,Failed
TXN000684,CUST4342,2024-07-05,2894.87,INR,Withdrawal,Pending
TXN000685,CUST9509,2024-02-22,1848.83,EUR,Transfer,Pending
TXN000686,CUST6139,2024-01-11,1717.57,INR,Withdrawal,Failed
TXN000687,CUST6047,,3753.77,GBP,Withdrawal,Pending
TXN000688,CUST6743,2024-07-17,2159.99,GBP,Transfer,Success
TXN000689,CUST2870,2024-07-25,1194.4,CAD,Withdrawal,Success
TXN000690,CUST9540,2024-11-16,1633.5,EUR,Withdrawal,Pending
TXN000691,CUST2570,2024-03-11,2575.78,CAD,Deposit,Pending
TXN000692,CUST4706,2024-02-10,3561.46,GBP,Transfer,
TXN000693,CUST5013,2024-06-20,2167.18,GBP,Withdrawal,
TXN000694,CUST3374,,,EUR,Deposit,
TXN000695,CUST2958,2024-08-16,4382.85,EUR,Withdrawal,Success
TXN000696,CUST7648,2024-09-05,1345.57,EUR,Withdrawal,Success
TXN000697,CUST8077,2024-01-10,18.12,EUR,Transfer,Failed
TXN000698,CUST3045,2024-08-27,3095.24,CAD,Transfer,
TXN000699,CUST6988,2024-02-09,2722.32,GBP,Deposit,Success
TXN000700,CUST9165,2024-12-28,2189.54,INR,Withdrawal,Pending
TXN000701,CUST1436,2024-08-26,2732.86,USD,Withdrawal,Failed
TXN000702,CUST3292,2024-11-27,2264.4,CAD,Deposit,
TXN000703,CUST3772,2024-08-28,2260.0,CAD,Transfer,
TXN000704,CUST2629,2024-05-04,1069.46,CAD,Transfer,Success
TXN000705,CUST4965,2024-01-31,2592.74,INR,Transfer,Failed
TXN000706,CUST4859,2024-09-08,2408.23,GBP,Transfer,Pending
TXN000707,CUST8060,2024-01-14,3399.27,EUR,Transfer,
TXN000708,CUST8512,2024-11-05,4901.39,EUR,Withdrawal,Failed
TXN000709,CUST6515,2024-11-09,2862.54,EUR,Transfer,
TXN000710,CUST7121,2024-10-20,2433.84,USD,Transfer,Success
TXN000711,CUST2797,2024-04-23,2618.85,USD,Transfer,
TXN000712,CUST6284,,1368.83,GBP,Transfer,
TXN000713,CUST4267,2024-01-20,1768.95,USD,Transfer,
TXN000714,CUST2524,,2966.94,EUR,Deposit,Success
TXN000715,CUST5218,2024-09-25,1391.83,CAD,Withdrawal,
TXN000716,CUST5271,2024-11-15,2343.93,CAD,Transfer,Pending
TXN000717,CUST3492,2024-07-02,281.99,EUR,Transfer,
TXN000718,CUST9756,2024-12-02,2019.55,CAD,Deposit,Failed
TXN000719,CUST3530,,1188.83,CAD,Deposit,Success
TXN000720,CUST4071,2024-08-06,233.25,CAD,Withdrawal,
TXN000721,CUST8126,2024-02-28,3395.82,EUR,Transfer,Success
TXN000722,CUST5294,2024-03-16,3074.36,EUR,Withdrawal,Failed
TXN000723,CUST9941,2024-01-01,937.49,EUR,Deposit,
TXN000724,CUST3749,2024-02-13,3088.24,INR,Transfer,
TXN000725,CUST9748,2024-11-20,2279.16,GBP,Transfer,Failed
TXN000726,CUST3320,2024-12-01,4856.78,INR,Deposit,Failed
TXN000727,CUST7406,,1101.73,EUR,Withdrawal,Failed
TXN000728,CUST7539,2024-03-29,605.38,CAD,Transfer,Success
TXN000729,CUST8189,2024-04-08,,EUR,Deposit,Failed
TXN000730,CUST5433,2024-11-14,3228.65,USD,Deposit,
TXN000731,CUST5532,2024-08-17,4592.71,CAD,Transfer,Failed
TXN000732,CUST8987,2024-11-02,3681.88,GBP,Deposit,Success
TXN000733,CUST7715,2024-02-19,2498.19,EUR,Transfer,Failed
TXN000734,CUST1029,2024-05-07,2497.22,CAD,Deposit,
TXN000735,CUST9734,2024-06-14,625.75,INR,Deposit,
TXN000736,CUST8794,2024-06-04,753.91,EUR,Withdrawal,Pending
TXN000737,CUST7897,2024-07-22,4265.5,GBP,Transfer,
TXN000738,CUST4791,2024-11-18,2049.84,CAD,Withdrawal,Failed
TXN000739,CUST9367,2024-08-08,1456.56,EUR,Deposit,Success
TXN000740,CUST6799,,,GBP,Deposit,Pending
TXN000741,CUST5727,2024-08-07,2573.9,CAD,Withdrawal,Pending
TXN000742,CUST2529,2024-05-07,1137.64,INR,Withdrawal,
TXN000743,CUST7308,2024-08-27,325.69,EUR,Deposit,Success
TXN000744,CUST5394,2024-03-30,1479.76,INR,Withdrawal,Pending
TXN000745,CUST1834,2024-10-26,2289.03,INR,Withdrawal,
TXN000746,CUST4782,2024-11-21,2758.17,USD,Withdrawal,Success
TXN000747,CUST4659,2024-05-31,4738.78,EUR,Withdrawal,Pending
TXN000748,CUST2989,,180.13,USD,Transfer,
TXN000749,CUST6118,2024-08-21,684.88,CAD,Deposit,Failed
TXN000750,CUST5234,2024-02-20,2198.21,USD,Deposit,
TXN000751,CUST6309,2024-03-01,4225.43,EUR,Transfer,Failed
TXN000752,CUST1806,2024-10-10,435.39,CAD,Withdrawal,Failed
TXN000753,CUST4162,2024-01-24,717.35,GBP,Withdrawal,Success
TXN000754,CUST7574,2024-01-06,3123.51,INR,Withdrawal,Failed
TXN000755,CUST9068,2024-06-02,4181.16,EUR,Transfer,
TXN000756,CUST9660,2024-01-15,4006.12,CAD,Withdrawal,Pending
TXN000757,CUST3724,2024-10-17,2301.66,EUR,Withdrawal,
TXN000758,CUST6434,2024-01-07,2676.96,USD,Transfer,
TXN000759,CUST5048,2024-08-01,2897.53,USD,Deposit,Pending
TXN000760,CUST7206,2024-10-31,4904.96,CAD,Transfer,Failed
TXN000761,CUST1648,2024-09-14,2017.74,INR,Withdrawal,Failed
TXN000762,CUST3654,2024-04-17,2141.74,GBP,Transfer,Success
TXN000763,CUST1694,2024-03-03,369.52,INR,Transfer,Success
TXN000764,CUST8087,2024-05-02,1874.45,CAD,Withdrawal,Pending
TXN000765,CUST3106,2024-08-28,321.2,INR,Withdrawal,Failed
TXN000766,CUST1691,2024-03-10,,EUR,Transfer,Failed
TXN000767,CUST3821,2024-10-28,2365.58,GBP,Deposit,Pending
TXN000768,CUST2036,2024-02-09,2813.33,USD,Transfer,Failed
TXN000769,CUST7999,2024-08-02,3347.42,CAD,Transfer,Success
TXN000770,CUST5207,,719.69,GBP,Withdrawal,
TXN000771,CUST4333,2024-01-07,4851.68,USD,Transfer,
TXN000772,CUST7902,2024-01-30,4499.88,GBP,Deposit,
TXN000773,CUST9576,,4707.82,INR,Withdrawal,
TXN000774,CUST7180,2024-07-20,1883.29,CAD,Transfer,Success
TXN000775,CUST4312,2024-08-13,2978.98,CAD,Withdrawal,Pending
TXN000776,CUST3629,2024-10-06,1674.86,EUR,Deposit,Success
TXN000777,CUST6051,,2285.98,USD,Deposit,
TXN000778,CUST2762,2024-04-24,4165.7,EUR,Deposit,Success
TXN000779,CUST8883,2024-06-19,2117.23,CAD,Transfer,
TXN000780,CUST9339,2024-04-14,2178.8,EUR,Transfer,Pending
TXN000781,CUST6748,2024-04-17,1386.41,CAD,Withdrawal,Failed
TXN000782,CUST6298,2024-10-05,3293.15,INR,Withdrawal,Pending
TXN000783,CUST7055,2024-05-07,2510.96,GBP,Transfer,Pending
TXN000784,CUST1702,2024-01-17,699.08,GBP,Transfer,Failed
TXN000785,CUST5891,2024-10-21,2357.72,GBP,Deposit,Success
TXN000786,CUST2664,2024-07-22,3544.58,CAD,Withdrawal,Pending
TXN000787,CUST1311,2024-11-19,25.46,USD,Deposit,Failed
TXN000788,CUST1495,2024-08-23,1896.61,CAD,Deposit,Success
TXN000789,CUST9591,2024-01-09,2591.3,INR,Withdrawal,Failed
TXN000790,CUST1518,,1608.87,INR,Withdrawal,Pending
TXN000791,CUST2914,2024-04-04,4409.46,GBP,Transfer,
TXN000792,CUST6518,2024-08-22,2703.12,GBP,Transfer,Success
TXN000793,CUST8451,2024-09-08,2649.26,USD,Withdrawal,Success
TXN000794,CUST9211,2024-08-01,3145.54,CAD,Deposit,Failed
TXN000795,CUST5338,2024-11-25,2016.51,USD,Transfer,
TXN000796,CUST4927,2024-12-07,4946.42,CAD,Transfer,Pending
TXN000797,CUST8365,2024-09-05,4790.11,INR,Deposit,
TXN000798,CUST9826,2024-04-14,4687.85,EUR,Transfer,Pending
TXN000799,CUST4379,2024-12-15,327.07,GBP,Transfer,Success
TXN000800,CUST2115,2024-10-04,97.46,EUR,Deposit,Pending
TXN000801,CUST1051,2024-06-26,964.44,EUR,Withdrawal,
TXN000802,CUST5857,2024-07-05,2467.4,INR,Withdrawal,Success
TXN000803,CUST8896,,,USD,Withdrawal,Pending
TXN000804,CUST1689,2024-10-01,2214.49,USD,Deposit,Failed
TXN000805,CUST9526,2024-03-02,295.22,INR,Withdrawal,Pending
TXN000806,CUST2534,2024-03-03,4835.53,INR,Deposit,Pending
TXN000807,CUST9818,2024-05-21,4702.9,GBP,Transfer,
TXN000808,CUST1477,2024-08-18,4001.44,CAD,Withdrawal,
TXN000809,CUST6716,2024-09-19,2784.72,USD,Withdrawal,Failed
TXN000810,CUST7297,2024-03-14,1054.89,EUR,Deposit,Pending
TXN000811,CUST6829,2024-11-08,1906.29,EUR,Deposit,Success
TXN000812,CUST8607,2024-05-24,2049.21,CAD,Withdrawal,
TXN000813,CUST2082,2024-06-13,,INR,Withdrawal,
TXN000814,CUST6108,2024-02-07,2130.37,GBP,Withdrawal,Failed
TXN000815,CUST4086,2024-07-06,4133.81,USD,Transfer,Failed
TXN000816,CUST6933,2024-02-12,2062.08,INR,Withdrawal,
TXN000817,CUST4579,2024-12-04,4523.84,EUR,Transfer,Failed
TXN000818,CUST9956,2024-08-31,243.4,CAD,Deposit,Failed
TXN000819,CUST3396,2024-03-09,2871.23,GBP,Withdrawal,
TXN000820,CUST7472,2024-02-10,1548.79,EUR,Deposit,Success
TXN000821,CUST7146,2024-06-25,1707.44,GBP,Transfer,
TXN000822,CUST2519,,2357.05,CAD,Deposit,Failed
TXN000823,CUST7496,2024-06-23,3082.61,USD,Transfer,
TXN000824,CUST8289,2024-07-16,4837.08,INR,Transfer,Success
TXN000825,CUST2723,2024-10-17,224.97,EUR,Withdrawal,
TXN000826,CUST6305,2024-03-06,816.27,INR,Transfer,Failed
TXN000827,CUST6210,2024-03-16,690.13,GBP,Deposit,Pending
TXN000828,CUST8867,,23.62,USD,Deposit,
TXN000829,CUST9456,2024-12-13,205.57,INR,Deposit,
TXN000830,CUST3062,2024-10-27,3690.16,GBP,Deposit,Success
TXN000831,CUST6129,2024-03-29,4498.91,EUR,Withdrawal,Pending
TXN000832,CUST6233,2024-12-20,3760.86,EUR,Deposit,Failed
TXN000833,CUST2962,2024-07-09,1652.59,GBP,Transfer,
TXN000834,CUST7373,2024-01-08,4960.13,CAD,Withdrawal,Failed
TXN000835,CUST7140,2024-06-15,3806.03,GBP,Transfer,Success
TXN000836,CUST6924,,1583.33,CAD,Withdrawal,Success
TXN000837,CUST5221,2024-02-08,4189.02,USD,Withdrawal,Pending
TXN000838,CUST5125,2024-03-23,185.31,GBP,Deposit,Pending
TXN000839,CUST9374,2024-10-05,4140.07,CAD,Withdrawal,
TXN000840,CUST7900,2024-05-22,4816.98,EUR,Transfer,Failed
TXN000841,CUST9742,2024-06-22,1514.15,INR,Deposit,
TXN000842,CUST7719,,4514.28,USD,Deposit,Failed
TXN000843,CUST9956,2024-07-01,408.98,INR,Transfer,Failed
TXN000844,CUST6284,2024-09-12,3461.8,GBP,Withdrawal,Pending
TXN000845,CUST5237,2024-12-17,1143.52,CAD,Withdrawal,Success
TXN000846,CUST2181,2024-12-02,826.79,CAD,Withdrawal,
TXN000847,CUST2044,2024-02-03,821.38,CAD,Deposit,Pending
TXN000848,CUST1817,2024-04-23,,USD,Deposit,Failed
TXN000849,CUST7910,2024-03-28,,INR,Deposit,Failed
TXN000850,CUST6019,2024-08-31,1777.99,EUR,Withdrawal,Failed
TXN000851,CUST8043,2024-10-12,2831.19,INR,Transfer,Pending
TXN000852,CUST7576,2024-05-10,237.28,CAD,Transfer,Pending
TXN000853,CUST6800,2024-07-14,4633.9,EUR,Transfer,Pending
TXN000854,CUST2391,2024-08-27,,CAD,Deposit,
TXN000855,CUST8329,2024-01-08,1995.36,USD,Deposit,Pending
TXN000856,CUST7843,2024-01-24,452.49,CAD,Deposit,Success
TXN000857,CUST7606,2024-12-12,4914.6,EUR,Transfer,Failed
TXN000858,CUST4649,2024-08-23,4280.76,INR,Deposit,Pending
TXN000859,CUST5369,2024-03-19,1910.14,EUR,Withdrawal,Success
TXN000860,CUST3682,2024-04-21,3122.06,INR,Withdrawal,Pending
TXN000861,CUST5940,2024-07-18,1589.15,USD,Deposit,Failed
TXN000862,CUST9720,2024-04-04,631.31,CAD,Transfer,Failed
TXN000863,CUST8477,,923.51,EUR,Transfer,Success
TXN000864,CUST3201,,2188.94,INR,Deposit,Pending
TXN000865,CUST6359,2024-07-11,559.73,INR,Deposit,
TXN000866,CUST3441,2024-04-05,2050.9,GBP,Transfer,Success
TXN000867,CUST2805,2024-03-29,4813.97,USD,Transfer,Failed
TXN000868,CUST4325,2024-10-19,1871.1,EUR,Withdrawal,
TXN000869,CUST1009,2024-02-09,3000.15,INR,Withdrawal,Pending
TXN000870,CUST5607,2024-02-01,4885.27,USD,Deposit,Success
TXN000871,CUST8072,2024-02-13,2627.23,USD,Deposit,
TXN000872,CUST5519,2024-09-28,2864.7,EUR,Transfer,
TXN000873,CUST4866,2024-02-26,2772.31,INR,Transfer,Success
TXN000874,CUST9873,2024-01-25,1658.08,USD,Deposit,Pending
TXN000875,CUST4261,2024-09-23,1714.98,GBP,Transfer,Pending
TXN000876,CUST3717,2024-06-05,4562.77,CAD,Withdrawal,Success
TXN000877,CUST1835,2024-02-07,1219.87,CAD,Withdrawal,Failed
TXN000878,CUST2721,2024-09-06,380.51,CAD,Withdrawal,
TXN000879,CUST7293,2024-01-11,2900.02,GBP,Transfer,
TXN000880,CUST8412,2024-09-05,4090.71,GBP,Transfer,Success
TXN000881,CUST7808,2024-09-26,2900.34,INR,Deposit,
TXN000882,CUST4678,2024-08-30,245.7,USD,Transfer,
TXN000883,CUST1061,2024-03-01,3951.59,EUR,Deposit,
TXN000884,CUST7028,2024-03-04,2126.22,EUR,Transfer,
TXN000885,CUST5849,2024-06-20,503.2,INR,Deposit,Failed
TXN000886,CUST1803,2024-03-19,2093.48,INR,Transfer,
TXN000887,CUST5009,2024-03-01,1400.69,EUR,Withdrawal,
TXN000888,CUST3255,2024-10-21,1690.82,EUR,Withdrawal,Success
TXN000889,CUST7113,2024-03-05,3326.66,GBP,Withdrawal,Failed
TXN000890,CUST2544,2024-10-17,609.62,GBP,Withdrawal,Failed
TXN000891,CUST9049,2024-05-22,4020.58,INR,Withdrawal,Pending
TXN000892,CUST5315,2024-05-11,925.91,GBP,Transfer,Pending
TXN000893,CUST6270,2024-06-28,3080.51,GBP,Transfer,Pending
TXN000894,CUST8009,,4827.52,EUR,Withdrawal,Pending
TXN000895,CUST4793,2024-12-30,2456.92,INR,Withdrawal,
TXN000896,CUST4810,2024-04-21,3639.26,GBP,Transfer,Failed
TXN000897,CUST7883,2024-12-10,,EUR,Withdrawal,Failed
TXN000898,CUST6676,2024-06-25,4354.99,CAD,Deposit,Failed
TXN000899,CUST1520,2024-11-23,2473.22,EUR,Withdrawal,Failed
TXN000900,CUST8323,2024-09-06,4390.05,USD,Transfer,Success
TXN000901,CUST8474,2024-06-03,1839.25,EUR,Transfer,Failed
TXN000902,CUST6347,2024-01-22,940.97,INR,Deposit,
TXN000903,CUST2308,2024-10-15,1243.14,INR,Withdrawal,Failed
TXN000904,CUST4124,2024-05-21,2979.51,CAD,Deposit,Failed
TXN000905,CUST5997,2024-06-01,1827.88,INR,Transfer,Failed
TXN000906,CUST4576,2024-06-06,3405.41,INR,Transfer,Pending
TXN000907,CUST8371,2024-03-11,1884.4,CAD,Withdrawal,
TXN000908,CUST4912,2024-01-08,2451.01,CAD,Withdrawal,Success
TXN000909,CUST7398,2024-07-03,3986.32,CAD,Deposit,Pending
TXN000910,CUST5613,2024-05-17,3003.85,GBP,Deposit,Success
TXN000911,CUST1032,2024-06-15,4398.12,GBP,Transfer,Success
TXN000912,CUST1697,2024-01-18,4466.84,INR,Withdrawal,Failed
TXN000913,CUST5008,2024-02-27,511.89,USD,Deposit,
TXN000914,CUST6066,2024-12-31,1826.97,INR,Transfer,Failed
TXN000915,CUST4590,2024-09-22,61.55,INR,Withdrawal,Success
TXN000916,CUST8178,2024-04-21,3424.02,CAD,Withdrawal,Failed
TXN000917,CUST8398,2024-10-12,3537.92,INR,Withdrawal,Success
TXN000918,CUST4366,,2511.15,GBP,Withdrawal,Success
TXN000919,CUST7971,2024-02-09,2252.35,USD,Deposit,
TXN000920,CUST7244,,3214.67,EUR,Withdrawal,
TXN000921,CUST8617,2024-01-26,4350.1,GBP,Transfer,Pending
TXN000922,CUST4474,2024-11-19,898.03,INR,Deposit,Pending
TXN000923,CUST5629,2024-09-09,3398.97,USD,Withdrawal,
TXN000924,CUST2364,2024-12-20,259.91,CAD,Transfer,Failed
TXN000925,CUST1140,2024-01-13,2664.62,INR,Transfer,
TXN000926,CUST1920,2024-05-04,3709.2,INR,Withdrawal,Pending
TXN000927,CUST7130,,2791.14,USD,Withdrawal,Pending
TXN000928,CUST1214,2024-07-05,3302.35,INR,Transfer,
TXN000929,CUST2383,2024-05-23,178.73,EUR,Transfer,
TXN000930,CUST8863,2024-11-29,3306.2,INR,Transfer,Success
TXN000931,CUST3171,2024-01-20,4581.58,EUR,Deposit,Pending
TXN000932,CUST2082,2024-10-08,4577.95,GBP,Deposit,Success
TXN000933,CUST2497,2024-11-19,721.63,CAD,Deposit,Failed
TXN000934,CUST7900,,1123.78,CAD,Transfer,
TXN000935,CUST1113,2024-10-17,4441.39,USD,Deposit,Success
TXN000936,CUST5792,,114.19,EUR,Withdrawal,Pending
TXN000937,CUST1195,2024-06-20,3010.79,USD,Withdrawal,Failed
TXN000938,CUST9586,2024-06-17,4419.13,USD,Transfer,Failed
TXN000939,CUST9714,2024-08-05,1230.21,USD,Transfer,
TXN000940,CUST5046,2024-05-22,2269.51,INR,Withdrawal,Success
TXN000941,CUST6791,2024-04-30,1073.78,GBP,Deposit,Failed
TXN000942,CUST8788,2024-01-17,1718.39,USD,Transfer,Success
TXN000943,CUST6913,2024-10-16,1360.61,INR,Transfer,Failed
TXN000944,CUST5514,,209.6,CAD,Withdrawal,Success
TXN000945,CUST5897,2024-11-06,2539.38,CAD,Transfer,
TXN000946,CUST4690,2024-11-25,4578.08,CAD,Transfer,Pending
TXN000947,CUST8757,2024-04-30,330.22,INR,Transfer,Success
TXN000948,CUST7930,2024-08-23,91.22,GBP,Withdrawal,
TXN000949,CUST4272,2024-07-07,2145.4,GBP,Withdrawal,Success
TXN000950,CUST4123,2024-08-24,2842.02,GBP,Withdrawal,Failed
TXN000951,CUST4034,2024-05-07,832.46,USD,Transfer,
TXN000952,CUST4208,2024-04-28,868.02,INR,Withdrawal,
TXN000953,CUST3750,2024-11-23,857.23,EUR,Withdrawal,Success
TXN000954,CUST8657,2024-04-24,1916.47,EUR,Transfer,Pending
TXN000955,CUST1129,2024-03-07,3666.65,USD,Transfer,Success
TXN000956,CUST3896,2024-09-14,4860.12,CAD,Deposit,
TXN000957,CUST1277,2024-03-01,2102.9,CAD,Deposit,Pending
TXN000958,CUST3850,2024-07-04,3746.21,GBP,Deposit,Success
TXN000959,CUST2995,2024-02-21,4286.72,USD,Withdrawal,Success
TXN000960,CUST6569,2024-10-20,1774.69,USD,Deposit,Pending
TXN000961,CUST1637,,2910.12,INR,Withdrawal,Failed
TXN000962,CUST1548,2024-08-07,217.72,USD,Transfer,Success
TXN000963,CUST1651,2024-11-12,4782.06,EUR,Deposit,Pending
TXN000964,CUST1895,,1084.08,GBP,Withdrawal,
TXN000965,CUST7454,2024-11-22,1381.31,GBP,Transfer,Success
TXN000966,CUST2603,2024-09-11,4203.05,CAD,Transfer,Failed
TXN000967,CUST6490,2024-07-13,3093.56,INR,Transfer,Success
TXN000968,CUST6760,,503.16,CAD,Withdrawal,
TXN000969,CUST8849,2024-09-09,,CAD,Deposit,
TXN000970,CUST6904,2024-09-26,2367.88,USD,Transfer,Pending
TXN000971,CUST1655,2024-06-08,3337.07,GBP,Withdrawal,Failed
TXN000972,CUST5041,2024-11-26,,INR,Withdrawal,Failed
TXN000973,CUST4768,2024-09-15,4143.15,EUR,Deposit,Failed
TXN000974,CUST6320,2024-07-13,4655.95,CAD,Withdrawal,Failed
TXN000975,CUST2225,2024-12-06,3453.04,INR,Transfer,Pending
TXN000976,CUST6134,2024-07-12,126.24,CAD,Transfer,Failed
TXN000977,CUST3598,2024-10-27,4900.11,USD,Withdrawal,Pending
TXN000978,CUST4921,2024-01-10,,CAD,Deposit,Success
TXN000979,CUST7040,2024-11-21,1222.66,EUR,Withdrawal,
TXN000980,CUST8539,2024-02-11,650.04,USD,Withdrawal,Failed
TXN000981,CUST5898,2024-12-25,3446.74,GBP,Withdrawal,Failed
TXN000982,CUST6892,2024-03-29,2743.57,GBP,Deposit,Pending
TXN000983,CUST3844,2024-09-10,3075.28,GBP,Transfer,Pending
TXN000984,CUST5230,2024-05-16,3625.35,USD,Transfer,
TXN000985,CUST4460,2024-02-27,4393.86,EUR,Deposit,Pending
TXN000986,CUST6541,2024-03-28,1135.66,INR,Deposit,Failed
TXN000987,CUST5827,2024-08-16,3738.02,INR,Withdrawal,Success
TXN000988,CUST9450,2024-10-29,4285.97,GBP,Deposit,Failed
TXN000989,CUST2535,2024-09-21,4755.1,USD,Transfer,
TXN000990,CUST6664,2024-12-12,4638.66,CAD,Transfer,Pending
TXN000991,CUST6758,2024-09-25,205.05,CAD,Withdrawal,Pending
TXN000992,CUST3362,2024-10-03,2702.75,INR,Deposit,Failed
TXN000993,CUST2874,2024-07-20,2556.58,GBP,Transfer,
TXN000994,CUST1097,2024-05-04,143.9,USD,Withdrawal,
TXN000995,CUST7857,2024-05-23,532.54,GBP,Deposit,Failed
TXN000996,CUST7800,2024-06-21,3720.92,EUR,Deposit,
TXN000997,CUST7006,2024-04-10,1630.13,EUR,Withdrawal,
TXN000998,CUST1482,2024-12-01,2959.44,CAD,Transfer,Failed
TXN000999,CUST9080,2024-02-22,2899.98,INR,Withdrawal,Pending
TXN001000,CUST1714,2024-04-13,2207.0,CAD,Withdrawal,
